season,date,item_id,field_observations,haze_metric,median_b02_valid_fields,p90_b02_valid_fields,n_clear,n_haze_downgraded,n_thick_smoke_excluded,n_cloud_excluded,n_no_data_excluded,share_haze_downgraded,share_thick_smoke_excluded,share_cloud_excluded,share_no_data_excluded,share_excluded_total,scene_status,scene_handling
2023,2023-09-04,S2B_MSIL2A_20230904T053649_R005_T43RDP_20241103T223544,170623,field-mean Sentinel-2 B02 (blue) surface reflectance,0.0293,0.0549,166421,3449,99,307,347,0.0202,0.0006,0.0018,0.002,0.0044,MOSTLY_USABLE,"scene retained; each field observation flagged (excluded or downgraded), never silently dropped"
2023,2023-09-09,S2A_MSIL2A_20230909T053651_R005_T43RDP_20241027T160649,170623,field-mean Sentinel-2 B02 (blue) surface reflectance,0.0523,0.0693,151107,3210,118,1808,14380,0.0188,0.0007,0.0106,0.0843,0.0956,MOSTLY_USABLE,"scene retained; each field observation flagged (excluded or downgraded), never silently dropped"
2023,2023-09-14,S2B_MSIL2A_20230914T053649_R005_T43RDP_20241104T021841,170623,field-mean Sentinel-2 B02 (blue) surface reflectance,0.0417,0.0754,134967,5525,292,3748,26091,0.0324,0.0017,0.022,0.1529,0.1766,MOSTLY_USABLE,"scene retained; each field observation flagged (excluded or downgraded), never silently dropped"
2023,2023-09-24,S2B_MSIL2A_20230924T053649_R005_T43RDP_20241105T155808,170623,field-mean Sentinel-2 B02 (blue) surface reflectance,0.0484,0.0734,87607,3569,133,5831,73483,0.0209,0.0008,0.0342,0.4307,0.4656,MOSTLY_USABLE,"scene retained; each field observation flagged (excluded or downgraded), never silently dropped"
2023,2023-09-29,S2A_MSIL2A_20230929T053641_R005_T43RDP_20230929T115400,170623,field-mean Sentinel-2 B02 (blue) surface reflectance,0.022,0.0404,168667,1906,50,0,0,0.0112,0.0003,0.0,0.0,0.0003,MOSTLY_USABLE,"scene retained; each field observation flagged (excluded or downgraded), never silently dropped"
2023,2023-10-04,S2B_MSIL2A_20231004T053649_R005_T43RDP_20231004T112155,170623,field-mean Sentinel-2 B02 (blue) surface reflectance,0.0268,0.0449,168454,2137,32,0,0,0.0125,0.0002,0.0,0.0,0.0002,MOSTLY_USABLE,"scene retained; each field observation flagged (excluded or downgraded), never silently dropped"
2023,2023-10-09,S2A_MSIL2A_20231009T053731_R005_T43RDP_20231009T154412,170623,field-mean Sentinel-2 B02 (blue) surface reflectance,0.0275,0.0575,148087,3044,161,6988,12343,0.0178,0.0009,0.041,0.0723,0.1142,MOSTLY_USABLE,"scene retained; each field observation flagged (excluded or downgraded), never silently dropped"
2023,2023-10-14,S2B_MSIL2A_20231014T053759_R005_T43RDP_20241016T132726,170623,field-mean Sentinel-2 B02 (blue) surface reflectance,0.0266,0.0534,165886,4693,44,0,0,0.0275,0.0003,0.0,0.0,0.0003,MOSTLY_USABLE,"scene retained; each field observation flagged (excluded or downgraded), never silently dropped"
2023,2023-10-19,S2A_MSIL2A_20231019T053831_R005_T43RDP_20241120T025210,170623,field-mean Sentinel-2 B02 (blue) surface reflectance,0.0308,0.062,165970,4646,7,0,0,0.0272,0.0,0.0,0.0,0.0,MOSTLY_USABLE,"scene retained; each field observation flagged (excluded or downgraded), never silently dropped"
2023,2023-10-24,S2B_MSIL2A_20231024T053909_R005_T43RDP_20241106T220834,170623,field-mean Sentinel-2 B02 (blue) surface reflectance,0.051,0.0892,160247,10370,6,0,0,0.0608,0.0,0.0,0.0,0.0,MOSTLY_USABLE,"scene retained; each field observation flagged (excluded or downgraded), never silently dropped"
2023,2023-10-29,S2A_MSIL2A_20231029T053941_R005_T43RDP_20231029T102008,170623,field-mean Sentinel-2 B02 (blue) surface reflectance,0.1233,0.1466,15979,154640,2,2,0,0.9063,0.0,0.0,0.0,0.0,MOSTLY_HAZE_DOWNGRADED,"scene retained; each field observation flagged (excluded or downgraded), never silently dropped"
2023,2023-11-03,S2B_MSIL2A_20231103T054009_R005_T43RDP_20241110T022025,170623,field-mean Sentinel-2 B02 (blue) surface reflectance,0.1289,0.1582,22239,130402,1012,1139,15831,0.7643,0.0059,0.0067,0.0928,0.1054,MOSTLY_HAZE_DOWNGRADED,"scene retained; each field observation flagged (excluded or downgraded), never silently dropped"
2023,2023-11-13,S2B_MSIL2A_20231113T054059_R005_T43RDP_20231113T091029,170623,field-mean Sentinel-2 B02 (blue) surface reflectance,0.1165,0.1368,24180,105212,111,2770,38350,0.6166,0.0007,0.0162,0.2248,0.2416,MOSTLY_HAZE_DOWNGRADED,"scene retained; each field observation flagged (excluded or downgraded), never silently dropped"
2023,2023-11-18,S2A_MSIL2A_20231118T054111_R005_T43RDP_20241109T070427,170623,field-mean Sentinel-2 B02 (blue) surface reflectance,0.1115,0.1603,56110,104619,141,4432,5321,0.6132,0.0008,0.026,0.0312,0.058,MOSTLY_HAZE_DOWNGRADED,"scene retained; each field observation flagged (excluded or downgraded), never silently dropped"
2023,2023-11-23,S2B_MSIL2A_20231123T054139_R005_T43RDP_20241110T075532,170623,field-mean Sentinel-2 B02 (blue) surface reflectance,0.1294,0.1477,7031,163572,20,0,0,0.9587,0.0001,0.0,0.0,0.0001,MOSTLY_HAZE_DOWNGRADED,"scene retained; each field observation flagged (excluded or downgraded), never silently dropped"
2023,2023-11-28,S2A_MSIL2A_20231128T054151_R005_T43RDP_20241029T095528,170623,field-mean Sentinel-2 B02 (blue) surface reflectance,0.1312,0.1649,18998,89254,880,11752,49739,0.5231,0.0052,0.0689,0.2915,0.3655,MOSTLY_HAZE_DOWNGRADED,"scene retained; each field observation flagged (excluded or downgraded), never silently dropped"
2023,2023-12-03,S2B_MSIL2A_20231203T054209_R005_T43RDP_20231203T100857,170623,field-mean Sentinel-2 B02 (blue) surface reflectance,0.0731,0.0899,166117,4496,10,0,0,0.0264,0.0001,0.0,0.0,0.0001,MOSTLY_USABLE,"scene retained; each field observation flagged (excluded or downgraded), never silently dropped"
2023,2023-12-08,S2A_MSIL2A_20231208T054221_R005_T43RDP_20231208T102550,170623,field-mean Sentinel-2 B02 (blue) surface reflectance,0.0599,0.0782,169286,1328,9,0,0,0.0078,0.0001,0.0,0.0,0.0001,MOSTLY_USABLE,"scene retained; each field observation flagged (excluded or downgraded), never silently dropped"
2023,2023-12-13,S2B_MSIL2A_20231213T054229_R005_T43RDP_20241102T125318,170623,field-mean Sentinel-2 B02 (blue) surface reflectance,0.0765,0.099,155137,15479,7,0,0,0.0907,0.0,0.0,0.0,0.0,MOSTLY_USABLE,"scene retained; each field observation flagged (excluded or downgraded), never silently dropped"
2023,2023-12-18,S2A_MSIL2A_20231218T054231_R005_T43RDP_20231220T090733,170623,field-mean Sentinel-2 B02 (blue) surface reflectance,0.0459,0.0668,170103,519,1,0,0,0.003,0.0,0.0,0.0,0.0,MOSTLY_USABLE,"scene retained; each field observation flagged (excluded or downgraded), never silently dropped"
2024,2024-09-03,S2A_MSIL2A_20240903T053641_R005_T43RDP_20240903T114202,170623,field-mean Sentinel-2 B02 (blue) surface reflectance,0.1118,0.1715,22618,35200,1790,13602,97413,0.2063,0.0105,0.0797,0.5709,0.6611,MOSTLY_EXCLUDED_OBSERVATIONS,"scene retained; each field observation flagged (excluded or downgraded), never silently dropped"
2024,2024-09-08,S2B_MSIL2A_20240908T053649_R005_T43RDP_20240908T100127,170623,field-mean Sentinel-2 B02 (blue) surface reflectance,0.0385,0.073,147774,6253,527,7036,9033,0.0366,0.0031,0.0412,0.0529,0.0973,MOSTLY_USABLE,"scene retained; each field observation flagged (excluded or downgraded), never silently dropped"
2024,2024-09-23,S2A_MSIL2A_20240923T053641_R005_T43RDP_20240923T084448,170623,field-mean Sentinel-2 B02 (blue) surface reflectance,0.0258,0.0467,168225,2288,18,48,44,0.0134,0.0001,0.0003,0.0003,0.0006,MOSTLY_USABLE,"scene retained; each field observation flagged (excluded or downgraded), never silently dropped"
2024,2024-09-28,S2B_MSIL2A_20240928T053639_R005_T43RDP_20240928T081347,170623,field-mean Sentinel-2 B02 (blue) surface reflectance,0.0761,0.1586,13829,5302,997,5302,145193,0.0311,0.0058,0.0311,0.851,0.8879,MOSTLY_EXCLUDED_OBSERVATIONS,"scene retained; each field observation flagged (excluded or downgraded), never silently dropped"
2024,2024-10-03,S2A_MSIL2A_20241003T053651_R005_T43RDP_20241003T095751,170623,field-mean Sentinel-2 B02 (blue) surface reflectance,0.0221,0.042,168185,2423,15,0,0,0.0142,0.0001,0.0,0.0,0.0001,MOSTLY_USABLE,"scene retained; each field observation flagged (excluded or downgraded), never silently dropped"
2024,2024-10-08,S2B_MSIL2A_20241008T053639_R005_T43RDP_20241008T081925,170623,field-mean Sentinel-2 B02 (blue) surface reflectance,0.026,0.0457,167855,2742,26,0,0,0.0161,0.0002,0.0,0.0,0.0002,MOSTLY_USABLE,"scene retained; each field observation flagged (excluded or downgraded), never silently dropped"
2024,2024-10-13,S2A_MSIL2A_20241013T053801_R005_T43RDP_20241013T100347,170623,field-mean Sentinel-2 B02 (blue) surface reflectance,0.0431,0.0615,167393,3226,4,0,0,0.0189,0.0,0.0,0.0,0.0,MOSTLY_USABLE,"scene retained; each field observation flagged (excluded or downgraded), never silently dropped"
2024,2024-10-18,S2B_MSIL2A_20241018T053739_R005_T43RDP_20241018T080539,170623,field-mean Sentinel-2 B02 (blue) surface reflectance,0.0267,0.0583,165866,4739,18,0,0,0.0278,0.0001,0.0,0.0,0.0001,MOSTLY_USABLE,"scene retained; each field observation flagged (excluded or downgraded), never silently dropped"
2024,2024-10-23,S2A_MSIL2A_20241023T053901_R005_T43RDP_20241023T090052,170623,field-mean Sentinel-2 B02 (blue) surface reflectance,0.0113,0.0582,168221,2399,3,0,0,0.0141,0.0,0.0,0.0,0.0,MOSTLY_USABLE,"scene retained; each field observation flagged (excluded or downgraded), never silently dropped"
2024,2024-10-28,S2B_MSIL2A_20241028T053839_R005_T43RDP_20241028T080403,170623,field-mean Sentinel-2 B02 (blue) surface reflectance,0.0987,0.1231,90212,80409,2,0,0,0.4713,0.0,0.0,0.0,0.0,MOSTLY_USABLE,"scene retained; each field observation flagged (excluded or downgraded), never silently dropped"
2024,2024-11-02,S2A_MSIL2A_20241102T054001_R005_T43RDP_20241102T090101,170623,field-mean Sentinel-2 B02 (blue) surface reflectance,0.0931,0.1233,105588,65001,34,0,0,0.381,0.0002,0.0,0.0,0.0002,MOSTLY_USABLE,"scene retained; each field observation flagged (excluded or downgraded), never silently dropped"
2024,2024-11-07,S2B_MSIL2A_20241107T053929_R005_T43RDP_20241107T080346,170623,field-mean Sentinel-2 B02 (blue) surface reflectance,0.2637,0.3115,0,2035,150746,5538,12304,0.0119,0.8835,0.0325,0.0721,0.9881,MOSTLY_EXCLUDED_OBSERVATIONS,"scene retained; each field observation flagged (excluded or downgraded), never silently dropped"
2024,2024-11-17,S2B_MSIL2A_20241117T054019_R005_T43RDP_20241117T075534,170623,field-mean Sentinel-2 B02 (blue) surface reflectance,0.1602,0.5144,1193,12228,5563,3765,147874,0.0717,0.0326,0.0221,0.8667,0.9213,MOSTLY_EXCLUDED_OBSERVATIONS,"scene retained; each field observation flagged (excluded or downgraded), never silently dropped"
2024,2024-11-22,S2A_MSIL2A_20241122T054141_R005_T43RDP_20241122T085102,170623,field-mean Sentinel-2 B02 (blue) surface reflectance,0.1083,0.137,53986,116632,3,2,0,0.6836,0.0,0.0,0.0,0.0,MOSTLY_HAZE_DOWNGRADED,"scene retained; each field observation flagged (excluded or downgraded), never silently dropped"
2024,2024-11-27,S2B_MSIL2A_20241127T054109_R005_T43RDP_20241127T075308,170623,field-mean Sentinel-2 B02 (blue) surface reflectance,0.0786,0.0962,160158,10454,11,0,0,0.0613,0.0001,0.0,0.0,0.0001,MOSTLY_USABLE,"scene retained; each field observation flagged (excluded or downgraded), never silently dropped"
2024,2024-12-02,S2A_MSIL2A_20241202T054211_R005_T43RDP_20241202T092953,170623,field-mean Sentinel-2 B02 (blue) surface reflectance,0.0735,0.0917,166322,4300,1,0,0,0.0252,0.0,0.0,0.0,0.0,MOSTLY_USABLE,"scene retained; each field observation flagged (excluded or downgraded), never silently dropped"
2024,2024-12-07,S2B_MSIL2A_20241207T054129_R005_T43RDP_20241207T074448,170623,field-mean Sentinel-2 B02 (blue) surface reflectance,0.0749,0.0902,166140,4477,6,0,0,0.0262,0.0,0.0,0.0,0.0,MOSTLY_USABLE,"scene retained; each field observation flagged (excluded or downgraded), never silently dropped"
2024,2024-12-12,S2A_MSIL2A_20241212T054231_R005_T43RDP_20241212T093149,170623,field-mean Sentinel-2 B02 (blue) surface reflectance,0.0698,0.0879,167051,3568,4,0,0,0.0209,0.0,0.0,0.0,0.0,MOSTLY_USABLE,"scene retained; each field observation flagged (excluded or downgraded), never silently dropped"
2024,2024-12-17,S2B_MSIL2A_20241217T054139_R005_T43RDP_20241217T074201,170623,field-mean Sentinel-2 B02 (blue) surface reflectance,0.0679,0.0901,165146,5402,15,53,7,0.0317,0.0001,0.0003,0.0,0.0004,MOSTLY_USABLE,"scene retained; each field observation flagged (excluded or downgraded), never silently dropped"
2025,2025-09-08,S2C_MSIL2A_20250908T053701_R005_T43RDP_20250908T103713,170623,field-mean Sentinel-2 B02 (blue) surface reflectance,0.0647,0.1258,49384,12213,352,22237,86437,0.0716,0.0021,0.1303,0.5066,0.639,MOSTLY_EXCLUDED_OBSERVATIONS,"scene retained; each field observation flagged (excluded or downgraded), never silently dropped"
2025,2025-09-10,S2A_MSIL2A_20250910T054241_R005_T43RDP_20250910T090804,170623,field-mean Sentinel-2 B02 (blue) surface reflectance,0.0335,0.0672,106893,3886,176,17125,42543,0.0228,0.001,0.1004,0.2493,0.3507,MOSTLY_USABLE,"scene retained; each field observation flagged (excluded or downgraded), never silently dropped"
2025,2025-09-13,S2B_MSIL2A_20250913T053639_R005_T43RDP_20250913T074825,170623,field-mean Sentinel-2 B02 (blue) surface reflectance,0.0307,0.0482,166944,2931,35,297,416,0.0172,0.0002,0.0017,0.0024,0.0044,MOSTLY_USABLE,"scene retained; each field observation flagged (excluded or downgraded), never silently dropped"
2025,2025-09-18,S2C_MSIL2A_20250918T053651_R005_T43RDP_20250918T105819,170623,field-mean Sentinel-2 B02 (blue) surface reflectance,0.0222,0.0391,168942,1653,28,0,0,0.0097,0.0002,0.0,0.0,0.0002,MOSTLY_USABLE,"scene retained; each field observation flagged (excluded or downgraded), never silently dropped"
2025,2025-09-23,S2B_MSIL2A_20250923T053639_R005_T43RDP_20250923T080855,170623,field-mean Sentinel-2 B02 (blue) surface reflectance,0.0322,0.0482,168510,2096,17,0,0,0.0123,0.0001,0.0,0.0,0.0001,MOSTLY_USABLE,"scene retained; each field observation flagged (excluded or downgraded), never silently dropped"
2025,2025-09-28,S2C_MSIL2A_20250928T053701_R005_T43RDP_20250928T103015,170623,field-mean Sentinel-2 B02 (blue) surface reflectance,0.0467,0.0621,167096,2287,29,591,620,0.0134,0.0002,0.0035,0.0036,0.0073,MOSTLY_USABLE,"scene retained; each field observation flagged (excluded or downgraded), never silently dropped"
2025,2025-09-30,S2A_MSIL2A_20250930T054251_R005_T43RDP_20250930T083759,170623,field-mean Sentinel-2 B02 (blue) surface reflectance,0.0214,0.0486,159247,2434,154,3290,5498,0.0143,0.0009,0.0193,0.0322,0.0524,MOSTLY_USABLE,"scene retained; each field observation flagged (excluded or downgraded), never silently dropped"
2025,2025-10-03,S2B_MSIL2A_20251003T053639_R005_T43RDP_20251003T075015,170623,field-mean Sentinel-2 B02 (blue) surface reflectance,0.1099,0.1247,7095,159711,386,2008,1423,0.936,0.0023,0.0118,0.0083,0.0224,MOSTLY_HAZE_DOWNGRADED,"scene retained; each field observation flagged (excluded or downgraded), never silently dropped"
2025,2025-10-08,S2C_MSIL2A_20251008T053741_R005_T43RDP_20251008T102514,170623,field-mean Sentinel-2 B02 (blue) surface reflectance,0.0639,0.0819,165236,5238,36,78,35,0.0307,0.0002,0.0005,0.0002,0.0009,MOSTLY_USABLE,"scene retained; each field observation flagged (excluded or downgraded), never silently dropped"
2025,2025-10-13,S2B_MSIL2A_20251013T053659_R005_T43RDP_20251013T081845,170623,field-mean Sentinel-2 B02 (blue) surface reflectance,0.0313,0.0655,165015,5592,16,0,0,0.0328,0.0001,0.0,0.0,0.0001,MOSTLY_USABLE,"scene retained; each field observation flagged (excluded or downgraded), never silently dropped"
2025,2025-10-18,S2C_MSIL2A_20251018T053841_R005_T43RDP_20251018T085916,170623,field-mean Sentinel-2 B02 (blue) surface reflectance,0.0349,0.08,163871,6744,8,0,0,0.0395,0.0,0.0,0.0,0.0,MOSTLY_USABLE,"scene retained; each field observation flagged (excluded or downgraded), never silently dropped"
2025,2025-10-20,S2A_MSIL2A_20251020T054251_R005_T43RDP_20251020T084814,170623,field-mean Sentinel-2 B02 (blue) surface reflectance,0.0393,0.0826,164933,5686,4,0,0,0.0333,0.0,0.0,0.0,0.0,MOSTLY_USABLE,"scene retained; each field observation flagged (excluded or downgraded), never silently dropped"
2025,2025-10-23,S2B_MSIL2A_20251023T053809_R005_T43RDP_20251023T075858,170623,field-mean Sentinel-2 B02 (blue) surface reflectance,0.0591,0.0974,156415,14204,4,0,0,0.0832,0.0,0.0,0.0,0.0,MOSTLY_USABLE,"scene retained; each field observation flagged (excluded or downgraded), never silently dropped"
2025,2025-10-28,S2C_MSIL2A_20251028T053951_R005_T43RDP_20251028T084920,170623,field-mean Sentinel-2 B02 (blue) surface reflectance,0.1432,0.1616,4303,165989,2,163,166,0.9728,0.0,0.001,0.001,0.0019,MOSTLY_HAZE_DOWNGRADED,"scene retained; each field observation flagged (excluded or downgraded), never silently dropped"
2025,2025-11-02,S2B_MSIL2A_20251102T053909_R005_T43RDP_20251102T074606,170623,field-mean Sentinel-2 B02 (blue) surface reflectance,0.0839,0.1118,129620,41000,3,0,0,0.2403,0.0,0.0,0.0,0.0,MOSTLY_USABLE,"scene retained; each field observation flagged (excluded or downgraded), never silently dropped"
2025,2025-11-07,S2C_MSIL2A_20251107T054041_R005_T43RDP_20251107T093011,170623,field-mean Sentinel-2 B02 (blue) surface reflectance,0.0726,0.1062,143292,25069,8,1962,292,0.1469,0.0,0.0115,0.0017,0.0133,MOSTLY_USABLE,"scene retained; each field observation flagged (excluded or downgraded), never silently dropped"
2025,2025-11-09,S2A_MSIL2A_20251109T054251_R005_T43RDP_20251109T090809,170623,field-mean Sentinel-2 B02 (blue) surface reflectance,0.0978,0.1206,95057,75560,6,0,0,0.4428,0.0,0.0,0.0,0.0,MOSTLY_USABLE,"scene retained; each field observation flagged (excluded or downgraded), never silently dropped"
2025,2025-11-12,S2B_MSIL2A_20251112T053959_R005_T43RDP_20251112T074332,170623,field-mean Sentinel-2 B02 (blue) surface reflectance,0.0856,0.116,126322,44292,9,0,0,0.2596,0.0001,0.0,0.0,0.0001,MOSTLY_USABLE,"scene retained; each field observation flagged (excluded or downgraded), never silently dropped"
2025,2025-11-17,S2C_MSIL2A_20251117T054131_R005_T43RDP_20251117T093015,170623,field-mean Sentinel-2 B02 (blue) surface reflectance,0.0855,0.1034,147059,23385,5,89,85,0.1371,0.0,0.0005,0.0005,0.001,MOSTLY_USABLE,"scene retained; each field observation flagged (excluded or downgraded), never silently dropped"
2025,2025-11-22,S2B_MSIL2A_20251122T054039_R005_T43RDP_20251122T074127,170623,field-mean Sentinel-2 B02 (blue) surface reflectance,0.0359,0.0585,169907,709,6,1,0,0.0042,0.0,0.0,0.0,0.0,MOSTLY_USABLE,"scene retained; each field observation flagged (excluded or downgraded), never silently dropped"
2025,2025-11-27,S2C_MSIL2A_20251127T054211_R005_T43RDP_20251127T104409,170623,field-mean Sentinel-2 B02 (blue) surface reflectance,0.0718,0.0854,168443,2178,2,0,0,0.0128,0.0,0.0,0.0,0.0,MOSTLY_USABLE,"scene retained; each field observation flagged (excluded or downgraded), never silently dropped"
2025,2025-11-29,S2A_MSIL2A_20251129T054251_R005_T43RDP_20251129T085708,170623,field-mean Sentinel-2 B02 (blue) surface reflectance,0.0801,0.0967,159560,11057,6,0,0,0.0648,0.0,0.0,0.0,0.0,MOSTLY_USABLE,"scene retained; each field observation flagged (excluded or downgraded), never silently dropped"
2025,2025-12-02,S2B_MSIL2A_20251202T054109_R005_T43RDP_20251202T073232,170623,field-mean Sentinel-2 B02 (blue) surface reflectance,0.0785,0.0921,165231,5378,14,0,0,0.0315,0.0001,0.0,0.0,0.0001,MOSTLY_USABLE,"scene retained; each field observation flagged (excluded or downgraded), never silently dropped"
2025,2025-12-07,S2C_MSIL2A_20251207T054231_R005_T43RDP_20251207T092711,170623,field-mean Sentinel-2 B02 (blue) surface reflectance,0.0612,0.0789,168962,1644,17,0,0,0.0096,0.0001,0.0,0.0,0.0001,MOSTLY_USABLE,"scene retained; each field observation flagged (excluded or downgraded), never silently dropped"
2025,2025-12-12,S2B_MSIL2A_20251212T054139_R005_T43RDP_20251212T073145,170623,field-mean Sentinel-2 B02 (blue) surface reflectance,0.1172,0.1434,567,2509,2,426,167119,0.0147,0.0,0.0025,0.9795,0.982,MOSTLY_EXCLUDED_OBSERVATIONS,"scene retained; each field observation flagged (excluded or downgraded), never silently dropped"
2025,2025-12-17,S2C_MSIL2A_20251217T054241_R005_T43RDP_20251217T091609,170623,field-mean Sentinel-2 B02 (blue) surface reflectance,0.0478,0.0684,130555,629,3,1920,37516,0.0037,0.0,0.0113,0.2199,0.2311,MOSTLY_USABLE,"scene retained; each field observation flagged (excluded or downgraded), never silently dropped"
2026,2026-09-03,S2C_MSIL2A_20260903T053641_R005_T43RDP_20260903T102309,170623,field-mean Sentinel-2 B02 (blue) surface reflectance,0.0158,0.0486,165376,4919,328,0,0,0.0288,0.0019,0.0,0.0,0.0019,MOSTLY_USABLE,"scene retained; each field observation flagged (excluded or downgraded), never silently dropped"
2026,2026-09-05,S2A_MSIL2A_20260905T054251_R005_T43RDP_20260905T103208,170623,field-mean Sentinel-2 B02 (blue) surface reflectance,0.0745,0.1036,141425,19204,144,4990,4860,0.1126,0.0008,0.0292,0.0285,0.0586,MOSTLY_USABLE,"scene retained; each field observation flagged (excluded or downgraded), never silently dropped"
2026,2026-09-08,S2B_MSIL2A_20260908T053639_R005_T43RDP_20260908T092339,170623,field-mean Sentinel-2 B02 (blue) surface reflectance,0.0261,0.0556,165040,5319,264,0,0,0.0312,0.0015,0.0,0.0,0.0015,MOSTLY_USABLE,"scene retained; each field observation flagged (excluded or downgraded), never silently dropped"
2026,2026-09-13,S2C_MSIL2A_20260913T053641_R005_T43RDP_20260913T101758,170623,field-mean Sentinel-2 B02 (blue) surface reflectance,0.0372,0.0706,135003,5760,156,9678,20026,0.0338,0.0009,0.0567,0.1174,0.175,MOSTLY_USABLE,"scene retained; each field observation flagged (excluded or downgraded), never silently dropped"
2026,2026-09-18,S2B_MSIL2A_20260918T053639_R005_T43RDP_20260918T092317,170623,field-mean Sentinel-2 B02 (blue) surface reflectance,0.0322,0.0703,129060,5912,206,4101,31344,0.0346,0.0012,0.024,0.1837,0.2089,MOSTLY_USABLE,"scene retained; each field observation flagged (excluded or downgraded), never silently dropped"
2026,2026-09-23,S2C_MSIL2A_20260923T053641_R005_T43RDP_20260923T101809,170623,field-mean Sentinel-2 B02 (blue) surface reflectance,0.026,0.0575,163704,4460,96,1008,1355,0.0261,0.0006,0.0059,0.0079,0.0144,MOSTLY_USABLE,"scene retained; each field observation flagged (excluded or downgraded), never silently dropped"
2026,2026-09-25,S2A_MSIL2A_20260925T054251_R005_T43RDP_20260925T103013,170623,field-mean Sentinel-2 B02 (blue) surface reflectance,0.0363,0.0715,159123,6233,290,1690,3287,0.0365,0.0017,0.0099,0.0193,0.0309,MOSTLY_USABLE,"scene retained; each field observation flagged (excluded or downgraded), never silently dropped"
2026,2026-09-28,S2B_MSIL2A_20260928T053639_R005_T43RDP_20260928T093404,170623,field-mean Sentinel-2 B02 (blue) surface reflectance,0.0417,0.065,148937,4562,54,2813,14257,0.0267,0.0003,0.0165,0.0836,0.1004,MOSTLY_USABLE,"scene retained; each field observation flagged (excluded or downgraded), never silently dropped"
2026,2026-10-03,S2C_MSIL2A_20261003T053651_R005_T43RDP_20261003T101308,170623,field-mean Sentinel-2 B02 (blue) surface reflectance,0.0109,0.0363,166656,3828,139,0,0,0.0224,0.0008,0.0,0.0,0.0008,MOSTLY_USABLE,"scene retained; each field observation flagged (excluded or downgraded), never silently dropped"
