fleet,policy,burned_fields,preempted_fields,preempted_share,preempted_ha,baled_ha,baled_t,preempted_baled_t
50,random,20464,743,0.0363,654,11286,37244,2157
50,fifo,20464,539,0.0263,506,12271,40494,1668
50,risk,20464,1476,0.0721,1603,11950,39436,5291
50,dynamic,20464,967,0.0473,955,11922,39343,3153
50,oracle,20464,4344,0.2123,4346,12069,39827,14342
100,random,20464,1408,0.0688,1205,19606,64701,3978
100,fifo,20464,888,0.0434,822,21575,71197,2712
100,risk,20464,2339,0.1143,2498,21037,69421,8245
100,dynamic,20464,1693,0.0827,1670,21078,69556,5512
100,oracle,20464,8131,0.3973,8400,21282,70231,27720
200,random,20464,2580,0.1261,2286,35048,115658,7543
200,fifo,20464,1629,0.0796,1587,38681,127648,5237
200,risk,20464,3588,0.1753,3973,37426,123505,13111
200,dynamic,20464,2758,0.1348,2779,37740,124543,9171
200,oracle,20464,13263,0.6481,13934,38256,126243,45984
400,random,20464,4760,0.2326,4254,62553,206423,14037
400,fifo,20464,3329,0.1627,3313,70362,232194,10933
400,risk,20464,5649,0.276,6223,67464,222632,20537
400,dynamic,20464,4976,0.2432,5131,68233,225170,16932
400,oracle,20464,17420,0.8513,18745,69653,229856,61860
