fleet,policy,preempted,share,preempted_ha,baled_ha,baled_kt
50,random,743,0.036,654,11286,37.2
50,fifo,539,0.026,506,12271,40.5
50,largest_first,252,0.012,967,20477,67.6
50,risk,1467,0.072,1562,11981,39.5
50,risk_urgency,1267,0.062,1325,12135,40.0
50,oracle,4344,0.212,4346,12069,39.8
100,random,1408,0.069,1205,19606,64.7
100,fifo,888,0.043,822,21575,71.2
100,largest_first,439,0.021,1693,32312,106.6
100,risk,2332,0.114,2520,21078,69.6
100,risk_urgency,1995,0.097,2104,21307,70.3
100,oracle,8131,0.397,8400,21282,70.2
200,random,2580,0.126,2286,35048,115.7
200,fifo,1629,0.08,1587,38681,127.6
200,largest_first,812,0.04,3006,50233,165.8
200,risk,3523,0.172,3863,37380,123.4
200,risk_urgency,2957,0.144,3159,38327,126.5
200,oracle,13263,0.648,13934,38256,126.2
400,random,4760,0.233,4254,62553,206.4
400,fifo,3329,0.163,3313,70362,232.2
400,largest_first,1716,0.084,5381,78485,259.0
400,risk,5532,0.27,6050,67729,223.5
400,risk_urgency,4595,0.225,4909,69381,229.0
400,oracle,17420,0.851,18745,69653,229.9
