date,clear,swir_usable,blue_median,year
2023-09-04,0.975372605100133,0.9955867614565446,0.0293,2023
2023-09-09,0.8856191720928597,0.9044325794295025,0.0523375,2023
2023-09-14,0.7910246566992727,0.8234059886416251,0.04176899,2023
2023-09-24,0.5134536375517955,0.5343710988553712,0.04884286,2023
2023-09-29,0.9885361293612233,0.9997069562720149,0.022033334,2023
2023-10-04,0.9872877630800068,0.9998124520140895,0.026838096,2023
2023-10-09,0.8679193309225602,0.8857598330822926,0.027921887,2023
2023-10-14,0.9722370372106925,0.9997421215193731,0.026608333,2023
2023-10-19,0.9727293506737076,0.9999589738780821,0.030833332,2023
2023-10-24,0.9391875655685341,0.9999648347526418,0.051033333,2023
2023-10-29,0.09365091458947504,0.9999765565017612,0.123254545,2023
2023-11-03,0.1303399893332083,0.8946097536674422,0.12876667,2023
2023-11-13,0.1417159468535895,0.7583502810289351,0.116552055,2023
2023-11-18,0.32885367154486794,0.9420125071063103,0.11236232,2023
2023-11-23,0.04120780902926335,0.9998827825088059,0.12935,2023
2023-11-28,0.11134489488521478,0.6344513928368392,0.13167006,2023
2023-12-03,0.9735908992339837,0.999941391254403,0.07310357,2023
2023-12-08,0.9921640107136787,0.9999472521289627,0.059931252,2023
2023-12-13,0.9092384965684579,0.9999589738780821,0.0765,2023
2023-12-18,0.996952345228955,0.9999941391254403,0.045908928,2023
2024-09-03,0.1325612607913353,0.3388640452928386,0.120060556,2024
2024-09-08,0.8660848771853736,0.902732925807189,0.039,2024
2024-09-23,0.9859456228058351,0.9993553037984328,0.025794445,2024
2024-09-28,0.08105003428611618,0.11212439120165511,0.08728,2024
2024-10-03,0.985711187823447,0.9999120868816045,0.022142105,2024
2024-10-08,0.9837770992187455,0.9998476172614478,0.026006667,2024
2024-10-13,0.9810693751721632,0.9999765565017612,0.0431,2024
2024-10-18,0.9721198197194986,0.9998945042579254,0.0267,2024
2024-10-23,0.9859221793075963,0.9999824173763209,0.011321875,2024
2024-10-28,0.5287212157798187,0.9999882782508805,0.09873,2024
2024-11-02,0.6188380230097935,0.9998007302649702,0.0931,2024
2024-11-07,0.0,0.01192687972899316,0.2646,2024
2024-11-17,0.006992023349724246,0.07865879746575784,0.16939999,2024
2024-11-22,0.3164051739800613,0.9999706956272015,0.1083375,2024
2024-11-27,0.9386659477327207,0.9999355303798433,0.07863333,2024
2024-12-02,0.9747923785187226,0.9999941391254403,0.07350909,2024
2024-12-07,0.9737256993488569,0.9999648347526418,0.074936844,2024
2024-12-12,0.9790649560727451,0.9999765565017612,0.06983333,2024
2024-12-17,0.9678999900365133,0.9995604344080223,0.0679,2024
2025-09-08,0.2894334292563136,0.3610122902539517,0.0703,2025
2025-09-10,0.6264864643102044,0.6492618228492055,0.0346712,2025
2025-09-13,0.9784378424948571,0.995616065829343,0.030688236,2025
2025-09-18,0.9901478698651413,0.9998358955123283,0.022191666,2025
2025-09-23,0.9876159720553501,0.999900365132485,0.0322,2025
2025-09-28,0.9793286954279318,0.9927325155459698,0.046692856,2025
2025-09-30,0.9333266910088324,0.9475920596871465,0.0216,2025
2025-10-03,0.04158290500108426,0.9776290418056183,0.109975,2025
2025-10-08,0.9684274687468865,0.9991267296906045,0.06386754,2025
2025-10-13,0.9671322154691923,0.9999062260070448,0.031333335,2025
2025-10-18,0.9604273749728934,0.9999531130035224,0.03487619,2025
2025-10-20,0.9666516237552968,0.9999765565017612,0.03926667,2025
2025-10-23,0.9167286942557569,0.9999765565017612,0.05908125,2025
2025-10-28,0.02521934323039684,0.9980600505207387,0.14323333,2025
2025-11-02,0.7596865604285471,0.9999824173763209,0.083859995,2025
2025-11-07,0.8398164374087902,0.9867427017459546,0.0729,2025
2025-11-09,0.5571171530215738,0.9999648347526418,0.09779111,2025
2025-11-12,0.7403573961306507,0.9999472521289627,0.08557857,2025
2025-11-17,0.8618943518751868,0.9989509034538134,0.08547334,2025
2025-11-22,0.9958036138152535,0.9999589738780821,0.03588017,2025
2025-11-27,0.98722329345985,0.9999882782508805,0.07177627,2025
2025-11-29,0.935161144746019,0.9999648347526418,0.08005294,2025
2025-12-02,0.9683981643740879,0.9999179477561642,0.07848,2025
2025-12-07,0.9902650873563353,0.999900365132485,0.06124,2025
2025-12-12,0.00332311587535092,0.018028050145642734,0.11911553,2025
2025-12-17,0.7651664781418683,0.7688529682399208,0.04792857,2025
