year,acq_date,viirs_alerts
2023,2023-10-10,1
2023,2023-10-15,1
2023,2023-10-21,2
2023,2023-10-23,1
2023,2023-10-24,7
2023,2023-10-25,4
2023,2023-10-26,8
2023,2023-10-27,9
2023,2023-10-28,5
2023,2023-10-29,48
2023,2023-10-30,14
2023,2023-10-31,35
2023,2023-11-01,55
2023,2023-11-02,39
2023,2023-11-03,103
2023,2023-11-04,83
2023,2023-11-05,220
2023,2023-11-06,132
2023,2023-11-07,143
2023,2023-11-08,164
2023,2023-11-09,35
2023,2023-11-11,10
2023,2023-11-12,152
2023,2023-11-13,287
2023,2023-11-14,277
2023,2023-11-15,167
2023,2023-11-16,100
2023,2023-11-17,123
2023,2023-11-18,99
2023,2023-11-19,118
2023,2023-11-20,61
2023,2023-11-21,112
2023,2023-11-22,66
2023,2023-11-23,18
2023,2023-11-24,25
2023,2023-11-25,5
2023,2023-11-26,18
2023,2023-11-28,8
2023,2023-11-29,7
2023,2023-11-30,4
2023,2023-12-01,1
2023,2023-12-02,5
2023,2023-12-03,4
2023,2023-12-05,2
2023,2023-12-07,1
2023,2023-12-08,2
2023,2023-12-09,1
2023,2023-12-12,1
2023,2023-12-17,1
2023,2023-12-18,2
2023,2023-12-20,3
2023,2023-12-24,3
2024,2024-10-12,1
2024,2024-10-17,1
2024,2024-10-18,1
2024,2024-10-19,8
2024,2024-10-20,1
2024,2024-10-23,4
2024,2024-10-24,1
2024,2024-10-25,1
2024,2024-10-26,2
2024,2024-10-28,3
2024,2024-10-29,4
2024,2024-10-30,4
2024,2024-10-31,4
2024,2024-11-01,45
2024,2024-11-02,23
2024,2024-11-03,15
2024,2024-11-04,9
2024,2024-11-05,4
2024,2024-11-06,20
2024,2024-11-07,69
2024,2024-11-08,86
2024,2024-11-09,36
2024,2024-11-10,32
2024,2024-11-11,53
2024,2024-11-12,46
2024,2024-11-13,85
2024,2024-11-14,1
2024,2024-11-15,9
2024,2024-11-16,2
2024,2024-11-17,154
2024,2024-11-18,421
2024,2024-11-19,130
2024,2024-11-20,48
2024,2024-11-21,22
2024,2024-11-22,65
2024,2024-11-23,17
2024,2024-11-24,8
2024,2024-11-25,13
2024,2024-11-26,11
2024,2024-11-27,20
2024,2024-11-28,14
2024,2024-11-29,10
2024,2024-11-30,3
2024,2024-12-01,1
2024,2024-12-03,3
2024,2024-12-04,1
2024,2024-12-09,3
2024,2024-12-10,1
2024,2024-12-13,2
2024,2024-12-16,1
2024,2024-12-17,1
2024,2024-12-20,2
2024,2024-12-22,2
2025,2025-10-10,8
2025,2025-10-16,1
2025,2025-10-18,2
2025,2025-10-19,2
2025,2025-10-21,3
2025,2025-10-22,10
2025,2025-10-23,1
2025,2025-10-24,2
2025,2025-10-25,1
2025,2025-10-26,13
2025,2025-10-28,2
2025,2025-10-29,7
2025,2025-10-30,12
2025,2025-10-31,17
2025,2025-11-01,21
2025,2025-11-02,41
2025,2025-11-03,12
2025,2025-11-04,15
2025,2025-11-05,30
2025,2025-11-06,49
2025,2025-11-07,35
2025,2025-11-08,24
2025,2025-11-09,27
2025,2025-11-10,29
2025,2025-11-11,39
2025,2025-11-12,14
2025,2025-11-13,21
2025,2025-11-14,19
2025,2025-11-15,31
2025,2025-11-16,28
2025,2025-11-17,10
2025,2025-11-18,10
2025,2025-11-19,9
2025,2025-11-20,8
2025,2025-11-21,5
2025,2025-11-22,4
2025,2025-11-23,12
2025,2025-11-25,2
2025,2025-11-26,2
2025,2025-11-27,7
2025,2025-11-28,2
2025,2025-11-29,1
2025,2025-11-30,1
2025,2025-12-01,2
2025,2025-12-04,1
2025,2025-12-05,1
2025,2025-12-06,1
2025,2025-12-09,4
2025,2025-12-11,1
2025,2025-12-13,1
